Year,Value
2026,11683.665152
2028,11038.546366292772
2030,12507.52636223257
