Year,Value
2026,18078.52624
2028,20467.52873974927
2030,38585.23263269702
