Year,Value
2026,11683.665152
2028,10622.035229024945
2030,11581.455144307161
