Year,Value
2026,17626.829328000054
2028,18577.061370534513
2030,13051.166766078039
