Year,Value
2030,11683.665152
2035,8830.762016120536
2040,8796.130532421215
