Year,Value
2026,16918.983226666656
2028,17336.228673767546
2030,41203.17073661999
