Year,Value
2026,-112621.84806773323
2028,-146469.64735259992
2030,-406634.13911533315
