Year,Value
2026,-11920.37702
2028,-9701.411389999997
2030,-113561.88796857142
