Year,Value
2026,-32563.649050000135
2028,-27577.290700000132
2030,-79276.79116000018
