Year,Value
2026,-123503.42556760022
2028,-145813.62882220023
2030,-329432.42320400034
