Year,Value
2030,-32563.64905000014
2035,-20580.47573000012
2040,-113642.28826733798
