Year,Value
2026,-32520.334840000243
2028,-27577.290700000136
2030,-79276.79116000018
