Year,Value
2026,32168.163504000022
2028,33633.344556508644
2030,35040.76791011527
