Year,Value
2026,-140823.21610000002
2028,-131288.47373000003
2030,-122057.26384000003
