Year,Value
2026,-8526.380129999998
2028,-8164.9551059999985
2030,-107397.06432399998
