Year,Value
2026,18270.620112
2028,18737.864537656707
2030,8626.65896324703
