Year,Technology,Value
2026,DieselGenerator,0.0
2026,HydroPower,0.0
2026,LFPBattery,0.0
2026,LeadAcidBattery,204275.44300000006
2026,SolarPV,30000.0
2026,WindOnshore,0.0
2028,DieselGenerator,0.0
2028,HydroPower,0.0
2028,LFPBattery,0.0
2028,LeadAcidBattery,23451.583938165622
2028,SolarPV,9425.959091337543
2028,WindOnshore,0.0
2030,DieselGenerator,0.0
2030,HydroPower,0.0
2030,LFPBattery,0.0
2030,LeadAcidBattery,120000.3090157953
2030,SolarPV,111060.8809894611
2030,WindOnshore,239891.50293723596
