Year,Value
2026,23692.14440133334
2028,25218.469222986772
2030,32977.6457849317
