Year,Value
2026,-9475.939325
2028,-9284.238706666667
2030,-133098.61117166665
